{"dataset": "mnist_dir_0.1", "loss_on_g_test_data": [2.3003781189918517, 0.28905940185673534, 0.13986271674480918, 0.10524807867850995, 0.08253246131042977, 0.0769732632882019], "acc_on_g_test_data": [0.1211, 0.9257, 0.96, 0.9679, 0.9733, 0.9756]}