{"dataset": "mnist_dir_0.1", "loss_on_g_test_data": [2.3063429901599886, 0.08376969357303435, 0.055360018330190726], "acc_on_g_test_data": [0.1365, 0.9762, 0.984]}