{"dataset": "mnist_dir_0.1", "loss_on_g_test_data": [2.303686278343201, 0.1986810418339446, 0.12802790875986103, 0.09715895335683933], "acc_on_g_test_data": [0.0443, 0.9443, 0.9627, 0.9701]}